"species","matched_names","synonym_names","final_names"
"Achillea millefolium L.","Achillea millefolium","Achillea millefolium","Achillea millefolium"
"Achillea ptarmica","Achillea ptarmica","Achillea ptarmica","Achillea ptarmica"
"Adoxa moschatellina L.","Adoxa moschatellina","Adoxa moschatellina","Adoxa moschatellina"
"Aegopodium podagraria L.","Aegopodium podagraria","Aegopodium podagraria","Aegopodium podagraria"
"Aethusa cynapium L.","Aethusa cynapium","Aethusa cynapium","Aethusa cynapium"
"Alisma plantago-aquatica L.","Alisma plantago-aquatica","Alisma plantago-aquatica","Alisma plantago-aquatica"
"Allium oleraceum L.","Allium oleraceum","Allium oleraceum","Allium oleraceum"
"Angelica sylvestris L.","Angelica sylvestris","Angelica sylvestris","Angelica sylvestris"
"Antennaria  dioica","Antennaria dioica","Antennaria dioica","Antennaria dioica"
"Anthemis arvensis L.","Anthemis arvensis","Anthemis arvensis","Anthemis arvensis"
"Anthemis cotula L.","Anthemis cotula","Anthemis cotula","Anthemis cotula"
"Anthemis tinctoria L.","Anthemis tinctoria","Anthemis tinctoria",NA
"Anthriscus sylvestris L.","Anthriscus sylvestris","Anthriscus sylvestris","Anthriscus sylvestris"
"Arctium lappa L.","Arctium lappa","Arctium lappa","Arctium lappa"
"Arctium tomentosum","Arctium tomentosum","Arctium tomentosum","Arctium tomentosum"
"Artemisia absinthium L.","Artemisia absinthium","Artemisia absinthium","Artemisia absinthium"
"Artemisia campestris L.","Artemisia campestris","Artemisia campestris","Artemisia campestris"
"Artemisia vulgaris L.","Artemisia vulgaris","Artemisia vulgaris","Artemisia vulgaris"
"Aster sibiricus","Aster sibiricus","Aster sibiricus",NA
"Atriplex patula L.","Atriplex patula","Atriplex patula","Atriplex patula"
"Bellis perennis L.","Bellis perennis","Bellis perennis","Bellis perennis"
"Bidens tripartita","Bidens tripartita","Bidens tripartita","Bidens tripartita"
"Calla palustris L.","Calla palustris","Calla palustris","Calla palustris"
"Carduus  acanthoides L.","Carduus acanthoides","Carduus acanthoides","Carduus acanthoides"
"Carduus  crispus","Carduus crispus","Carduus crispus","Carduus crispus"
"Carlina vulgaris L.","Carlina vulgaris","Carlina vulgaris","Carlina vulgaris"
"Carum carvi L.","Carum carvi","Carum carvi","Carum carvi"
"Centaurea cyanus L.","Centaurea cyanus","Centaurea cyanus","Centaurea cyanus"
"Centaurea jacea L.","Centaurea jacea","Centaurea jacea","Centaurea jacea"
"Centaurea scabiosa L.","Centaurea scabiosa","Centaurea scabiosa","Centaurea scabiosa"
"Chaerophyllum temulum L.","Chaerophyllum temulum","Chaerophyllum temulum","Chaerophyllum temulum"
"Chenopodium bonus-henricus L.","Chenopodium bonus-henricus","Chenopodium bonus-henricus","Chenopodium bonus-henricus"
"Chenopodium polyspermun L.","Chenopodium polyspermum","Chenopodium polyspermum","Chenopodium polyspermum"
"Chenopodium urbicum L.","Chenopodium urbicum","Chenopodium urbicum","Chenopodium urbicum"
"Cicerbita alpina","Cicerbita alpina","Cicerbita alpina",NA
"Cichorium intybus L.","Cichorium intybus","Cichorium intybus","Cichorium intybus"
"Cicuta virosa L.","Cicuta virosa","Cicuta virosa","Cicuta virosa"
"Cirsium arvense","Cirsium arvense","Cirsium arvense","Cirsium arvense"
"Cirsium heterophyllum","Cirsium heterophyllum","Cirsium heterophyllum",NA
"Cirsium palustre","Cirsium palustre","Cirsium palustre","Cirsium palustre"
"Cirsium vulgare","Cirsium vulgare","Cirsium vulgare","Cirsium vulgare"
"Conium maculatum L.","Conium maculatum","Conium maculatum","Conium maculatum"
"Convallaria majalis L.","Convallaria majalis","Convallaria majalis","Convallaria majalis"
"Crepis paludosa ","Crepis paludosa","Crepis paludosa","Crepis paludosa"
"Crepis praemorsa","Crepis praemorsa","Crepis praemorsa",NA
"Crepis tectorum L.","Crepis tectorum","Crepis tectorum","Crepis tectorum"
"Daucus carota L.","Daucus carota","Daucus carota","Daucus carota"
"Erigeron acer L.","Erigeron acer","Erigeron acer",NA
"Eupatorium cannabinum","Eupatorium cannabinum","Eupatorium cannabinum","Eupatorium cannabinum"
"Gnaphalium sylvaticum L.","Gnaphalium sylvaticum","Gnaphalium sylvaticum",NA
"Gnaphalium uliginosum ","Gnaphalium uliginosum","Gnaphalium uliginosum","Gnaphalium uliginosum"
"Heracleum sphondylium L.","Heracleum sphondylium","Heracleum sphondylium","Heracleum sphondylium"
"Hieracium canadense","Hieracium canadense","Hieracium canadense","Hieracium canadense"
"Hieracium dubium","Hieracium dubium","Hieracium dubium",NA
"Hieracium lactucella ","Hieracium lactucella","Hieracium lactucella","Hieracium lactucella"
"Hieracium murorum L.","Hieracium murorum","Hieracium murorum","Hieracium murorum"
"Hieracium pilosella L.","Hieracium pilosella","Hieracium pilosella","Hieracium pilosella"
"Hieracium radyrense","Hieracium radyrense","Hieracium radyrense",NA
"Hieracium tridentata","Hieracium tridentatum","Hieracium tridentatum","Hieracium tridentatum"
"Hieracium umbellatum L.","Hieracium umbellatum","Hieracium umbellatum","Hieracium umbellatum"
"Hypochaeris maculata L.","Hypochaeris maculata","Hypochaeris maculata",NA
"Inula salicina L.","Inula salicina","Inula salicina","Inula salicina"
"Jacobaea vulgaris Gaertn.","Jacobaea vulgaris","Jacobaea vulgaris","Jacobaea vulgaris"
"Lactuca muralis ","Lactuca muralis","Lactuca muralis",NA
"Lactuca serriola","Lactuca serriola","Lactuca serriola","Lactuca serriola"
"Lapsana communis L.","Lapsana communis","Lapsana communis","Lapsana communis"
"Laserpitium latifolium L.","Laserpitium latifolium","Laserpitium latifolium",NA
"Leontodon autumnalis","Leontodon autumnalis","Leontodon autumnalis","Leontodon autumnalis"
"Leontodon hispidus","Leontodon hispidus","Leontodon hispidus","Leontodon hispidus"
"Leucanthemum  vulgare Lam.","Leucanthemum vulgare","Leucanthemum vulgare","Leucanthemum vulgare"
"Logfia arvensis","Logfia arvensis","Logfia arvensis","Logfia arvensis"
"Maianthemum bifolium","Maianthemum bifolium","Maianthemum bifolium","Maianthemum bifolium"
"Matricaria discoidea DC.","Matricaria discoidea","Matricaria discoidea","Matricaria discoidea"
"Matricaria matricarioides","Matricaria matricarioides","Matricaria matricarioides",NA
"Matricaria recutita L.","Matricaria recutita","Matricaria recutita",NA
"Muscari neglectum","Muscari neglectum","Muscari neglectum","Muscari neglectum"
"Myrrhis odorata","Myrrhis odorata","Myrrhis odorata","Myrrhis odorata"
"Narcissus asturiensis","Narcissus asturiensis","Narcissus asturiensis",NA
"Narcissus pseudonarcissus","Narcissus pseudonarcissus","Narcissus pseudonarcissus","Narcissus pseudonarcissus"
"Narcissus tazetta","Narcissus tazetta","Narcissus tazetta","Narcissus tazetta"
"Oenanthe aquatica","Oenanthe aquatica","Oenanthe aquatica","Oenanthe aquatica"
"Onopordum acanthium L.","Onopordum acanthium","Onopordum acanthium","Onopordum acanthium"
"Pastinaca sativa L.","Pastinaca sativa","Pastinaca sativa","Pastinaca sativa"
"Peucedanum palustre","Peucedanum palustre","Peucedanum palustre","Peucedanum palustre"
"Picris hieracioides","Picris hieracioides","Picris hieracioides","Picris hieracioides"
"Pilosella officinarum","Pilosella officinarum","Pilosella officinarum",NA
"Pimpinella saxifraga L.","Pimpinella saxifraga","Pimpinella saxifraga","Pimpinella saxifraga"
"Polygonatum odoratum ","Polygonatum odoratum","Polygonatum odoratum",NA
"Puschkinia scilloides","Puschkinia scilloides","Puschkinia scilloides",NA
"Sagittaria sagittifolia L.","Sagittaria sagittifolia","Sagittaria sagittifolia","Sagittaria sagittifolia"
"Saussurea alpina","Saussurea alpina","Saussurea alpina",NA
"Scilla forbesii","Scilla forbesii","Scilla forbesii",NA
"Scilla siberica","Scilla siberica","Scilla siberica","Scilla siberica"
"Scorzoneroides autumnalis","Scorzoneroides autumnalis","Scorzoneroides autumnalis",NA
"Seseli libanotis","Seseli libanotis","Seseli libanotis","Seseli libanotis"
"Sium latifolium L.","Sium latifolium","Sium latifolium","Sium latifolium"
"Torilis japonica","Torilis japonica","Torilis japonica","Torilis japonica"
"Viburnum opulus L.","Viburnum opulus","Viburnum opulus","Viburnum opulus"
"Vinca minor","Vinca minor","Vinca minor","Vinca minor"
"Vincetoxicum hirundinaria","Vincetoxicum hirundinaria","Vincetoxicum hirundinaria","Vincetoxicum hirundinaria"
"Agrostemma githago L.","Agrostemma githago","Agrostemma githago","Agrostemma githago"
"Alliaria petiolata","Alliaria petiolata","Alliaria petiolata","Alliaria petiolata"
"Alnus glutinosa","Alnus glutinosa","Alnus glutinosa","Alnus glutinosa"
"Anchusa officinalis ","Anchusa officinalis","Anchusa officinalis","Anchusa officinalis"
"Arabidopsis arenosa","Arabidopsis arenosa","Arabidopsis arenosa","Arabidopsis arenosa"
"Arabidopsis sp.","Arabidopsis","Arabidopsis",NA
"Arabidopsis thaliana","Arabidopsis thaliana","Arabidopsis thaliana","Arabidopsis thaliana"
"Arabis glabra","Arabis glabra","Arabis glabra",NA
"Arabis hirsuta","Arabis hirsuta","Arabis hirsuta","Arabis hirsuta"
"Arenaria serpyllifolia L.","Arenaria serpyllifolia","Arenaria serpyllifolia","Arenaria serpyllifolia"
"Armoracia rusticana","Armoracia rusticana","Armoracia rusticana","Armoracia rusticana"
"Asperugo procumbens L.","Asperugo procumbens","Asperugo procumbens","Asperugo procumbens"
"Barbarea vulgaris","Barbarea vulgaris","Barbarea vulgaris","Barbarea vulgaris"
"Berberis vulgaris","Berberis vulgaris","Berberis vulgaris","Berberis vulgaris"
"Betula pendula","Betula pendula","Betula pendula","Betula pendula"
"Betula pubescens","Betula pubescens","Betula pubescens","Betula pubescens"
"Buglossoides arvensis","Buglossoides arvensis","Buglossoides arvensis","Buglossoides arvensis"
"Bunias orientalis L.","Bunias orientalis","Bunias orientalis","Bunias orientalis"
"Butomus umbellatus","Butomus umbellatus","Butomus umbellatus","Butomus umbellatus"
"Camelina sativa","Camelina sativa","Camelina sativa","Camelina sativa"
"Campanula cervicaria L.","Campanula cervicaria","Campanula cervicaria","Campanula cervicaria"
"Campanula glomerata","Campanula glomerata","Campanula glomerata","Campanula glomerata"
"Campanula latifolia L.","Campanula latifolia","Campanula latifolia","Campanula latifolia"
"Campanula persicifolia L.","Campanula persicifolia","Campanula persicifolia","Campanula persicifolia"
"Campanula rapunculoides L.","Campanula rapunculoides","Campanula rapunculoides","Campanula rapunculoides"
"Campanula rotundifolia L.","Campanula rotundifolia","Campanula rotundifolia","Campanula rotundifolia"
"Campanula trachelium L.","Campanula trachelium","Campanula trachelium","Campanula trachelium"
"Capsella bursa -pastoris",NA,NA,NA
"Cardamine amara L.","Cardamine amara","Cardamine amara",NA
"Cardamine bulbifera","Cardamine bulbifera","Cardamine bulbifera","Cardamine bulbifera"
"Cardamine impatiens L.","Cardamine impatiens","Cardamine impatiens","Cardamine impatiens"
"Cardamine pratensis L.","Cardamine pratensis","Cardamine pratensis","Cardamine pratensis"
"Cerastium fontanum","Cerastium fontanum","Cerastium fontanum","Cerastium fontanum"
"Cerastium glomeratum","Cerastium glomeratum","Cerastium glomeratum","Cerastium glomeratum"
"Cerastium pentandrum L.","Cerastium pentandrum","Cerastium pentandrum",NA
"Cerastium tomentosum","Cerastium tomentosum","Cerastium tomentosum","Cerastium tomentosum"
"Corylus avellana L.","Corylus avellana","Corylus avellana","Corylus avellana"
"Cynoglossum officinale L.","Cynoglossum officinale","Cynoglossum officinale","Cynoglossum officinale"
"Dianthus deltoides L.","Dianthus deltoides","Dianthus deltoides","Dianthus deltoides"
"Draba muralis L.","Draba muralis","Draba muralis",NA
"Echium vulgare L.","Echium vulgare","Echium vulgare","Echium vulgare"
"Erophila verna","Erophila verna","Erophila verna",NA
"Erysimum cheiranthoides L.","Erysimum cheiranthoides","Erysimum cheiranthoides","Erysimum cheiranthoides"
"Herniaria glabra L.","Herniaria glabra","Herniaria glabra","Herniaria glabra"
"Impatiens glandulifera Royle.","Impatiens glandulifera","Impatiens glandulifera","Impatiens glandulifera"
"Impatiens parviflora","Impatiens parviflora","Impatiens parviflora","Impatiens parviflora"
"Jasione montana L.","Jasione montana","Jasione montana","Jasione montana"
"Knautia arvensis","Knautia arvensis","Knautia arvensis","Knautia arvensis"
"Lepidium  campestre","Lepidium campestre","Lepidium campestre","Lepidium campestre"
"Lepidium  ruderale L.","Lepidium ruderale","Lepidium ruderale","Lepidium ruderale"
"Lobelia dortmanna L.","Lobelia dortmanna","Lobelia dortmanna","Lobelia dortmanna"
"Lonicera xylosteum L.","Lonicera xylosteum","Lonicera xylosteum","Lonicera xylosteum"
"Lychnis flos-cuculi L.","Lychnis flos-cuculi","Lychnis flos-cuculi",NA
"Lycopsis arvensis L.","Lycopsis arvensis","Lycopsis arvensis",NA
"Myosotis arvensis ","Myosotis arvensis","Myosotis arvensis","Myosotis arvensis"
"Myosotis lapula L.","Myosotis apula","Myosotis apula",NA
"Myosotis laxa","Myosotis laxa","Myosotis laxa","Myosotis laxa"
"Myosotis ramosissima","Myosotis ramosissima","Myosotis ramosissima",NA
"Myosotis Scorpioides","Myosotis scorpioides","Myosotis scorpioides","Myosotis scorpioides"
"Myosotis spp.","Myosotis","Myosotis",NA
"Myosotis Sylvatica","Myosotis sylvatica","Myosotis sylvatica","Myosotis sylvatica"
"Nasturtium officinale","Nasturtium officinale","Nasturtium officinale","Nasturtium officinale"
"Pulmonaria obscura","Pulmonaria obscura","Pulmonaria obscura",NA
"Pulmonaria officinalis L.","Pulmonaria officinalis","Pulmonaria officinalis","Pulmonaria officinalis"
"Sagina nodosa","Sagina nodosa","Sagina nodosa","Sagina nodosa"
"Sagina procumbens L.","Sagina procumbens","Sagina procumbens","Sagina procumbens"
"Sambucus  nigra","Sambucus nigra","Sambucus nigra","Sambucus nigra"
"Saponaria officinalis","Saponaria officinalis","Saponaria officinalis","Saponaria officinalis"
"Scleranthus annuus L.","Scleranthus annuus","Scleranthus annuus","Scleranthus annuus"
"Scleranthus perennis","Scleranthus perennis","Scleranthus perennis","Scleranthus perennis"
"Senecio viscosus","Senecio viscosus","Senecio viscosus","Senecio viscosus"
"Senecio vulgaris","Senecio vulgaris","Senecio vulgaris","Senecio vulgaris"
"Serratula  tinctoria L.","Serratula tinctoria","Serratula tinctoria","Serratula tinctoria"
"Silene dioica","Silene dioica","Silene dioica","Silene dioica"
"Silene latifolia","Silene latifolia","Silene latifolia","Silene latifolia"
"Silene nutans L.","Silene nutans","Silene nutans","Silene nutans"
"Silene viscaria","Silene viscaria","Silene viscaria","Silene viscaria"
"Silene vulgaris","Silene vulgaris","Silene vulgaris","Silene vulgaris"
"Sinapis arvensis L.","Sinapis arvensis","Sinapis arvensis","Sinapis arvensis"
"Sisymbrium altissimum","Sisymbrium altissimum","Sisymbrium altissimum","Sisymbrium altissimum"
"Sisymbrium irio L.","Sisymbrium irio","Sisymbrium irio","Sisymbrium irio"
"Sisymbrium officinale","Sisymbrium officinale","Sisymbrium officinale","Sisymbrium officinale"
"Sisymbrium sophia L.","Sisymbrium sophia","Sisymbrium sophia",NA
"Solidago virgaurea L.","Solidago virgaurea","Solidago virgaurea",NA
"Sonchus arvensis L.","Sonchus arvensis","Sonchus arvensis","Sonchus arvensis"
"Sonchus oleraceus","Sonchus oleraceus","Sonchus oleraceus","Sonchus oleraceus"
"Spergula arvensis L.","Spergula arvensis","Spergula arvensis","Spergula arvensis"
"Spergularia marina","Spergularia marina","Spergularia marina",NA
"Spergularia rubra","Spergularia rubra","Spergularia rubra","Spergularia rubra"
"Stellaria alsine","Stellaria alsine","Stellaria alsine","Stellaria alsine"
"Succisa pratensis Moench,","Succisa pratensis","Succisa pratensis","Succisa pratensis"
"Symphytum x uplandicum","Symphytum uplandicum","Symphytum uplandicum",NA
"Tanacetum vulgare L.","Tanacetum vulgare","Tanacetum vulgare","Tanacetum vulgare"
"Taraxacum officinale","Taraxacum officinale","Taraxacum officinale","Taraxacum officinale"
"Thlaspi arvense L.","Thlaspi arvense","Thlaspi arvense","Thlaspi arvense"
"Thlaspi caerulescens","Thlaspi caerulescens","Thlaspi caerulescens",NA
"Tragopogon  pratensis L.","Tragopogon pratensis","Tragopogon pratensis","Tragopogon pratensis"
"Tripleurospermum perforatum","Tripleurospermum perforatum","Tripleurospermum perforatum",NA
"Tussilago farfara","Tussilago farfara","Tussilago farfara","Tussilago farfara"
"Valeriana officinalis L.","Valeriana officinalis","Valeriana officinalis","Valeriana officinalis"
"Ajuga pyramidalis L.","Ajuga pyramidalis","Ajuga pyramidalis",NA
"Ajuga reptans","Ajuga reptans","Ajuga reptans","Ajuga reptans"
"Anthyllis  vulneraria L.","Anthyllis vulneraria","Anthyllis vulneraria","Anthyllis vulneraria"
"Arctostaphyllos uva-ursi L.","Arctostaphylos uva-ursi","Arctostaphylos uva-ursi","Arctostaphylos uva-ursi"
"Astragalus glycyphyllos","Astragalus glycyphyllos","Astragalus glycyphyllos","Astragalus glycyphyllos"
"Calluna vulgaris","Calluna vulgaris","Calluna vulgaris","Calluna vulgaris"
"Calystegia sepium","Calystegia sepium","Calystegia sepium","Calystegia sepium"
"Chenopodium album","Chenopodium album","Chenopodium album","Chenopodium album"
"Clinopodium acinos","Clinopodium acinos","Clinopodium acinos","Clinopodium acinos"
"Clinopodium vulgare L.","Clinopodium vulgare","Clinopodium vulgare","Clinopodium vulgare"
"Convallaria majalis L.","Convallaria majalis","Convallaria majalis","Convallaria majalis"
"Convolvulus arvensis L.","Convolvulus arvensis","Convolvulus arvensis","Convolvulus arvensis"
"Crassula aquatica","Crassula aquatica","Crassula aquatica","Crassula aquatica"
"Cuscuta europaea","Cuscuta europaea","Cuscuta europaea","Cuscuta europaea"
"Drosera  anglica Huds.","Drosera anglica","Drosera anglica","Drosera anglica"
"Drosera  rotundifolia L.","Drosera rotundifolia","Drosera rotundifolia","Drosera rotundifolia"
"Empetrum nigrum L.","Empetrum nigrum","Empetrum nigrum","Empetrum nigrum"
"Erodium cicutarium","Erodium cicutarium","Erodium cicutarium","Erodium cicutarium"
"Euphorbia helioscopia L.","Euphorbia helioscopia","Euphorbia helioscopia","Euphorbia helioscopia"
"Euphorbia peplis L.","Euphorbia peplis","Euphorbia peplis","Euphorbia peplis"
"Galeopsis ladanum L.","Galeopsis ladanum","Galeopsis ladanum","Galeopsis ladanum"
"Galeopsis speciosa","Galeopsis speciosa","Galeopsis speciosa","Galeopsis speciosa"
"Galeopsis tetrahit L.","Galeopsis tetrahit","Galeopsis tetrahit","Galeopsis tetrahit"
"Gentianella amarella","Gentianella amarella","Gentianella amarella","Gentianella amarella"
"Geranium  lucidum","Geranium lucidum","Geranium lucidum","Geranium lucidum"
"Geranium  pratense","Geranium pratense","Geranium pratense","Geranium pratense"
"Geranium  pusillum","Geranium pusillum","Geranium pusillum","Geranium pusillum"
"Geranium  robertianum L.","Geranium robertianum","Geranium robertianum","Geranium robertianum"
"Geranium  sanguineum L.","Geranium sanguineum","Geranium sanguineum","Geranium sanguineum"
"Geranium  sylvaticum L.","Geranium sylvaticum","Geranium sylvaticum","Geranium sylvaticum"
"Glechoma hederacea","Glechoma hederacea","Glechoma hederacea","Glechoma hederacea"
"Hydrocharis morsus-ranae L.","Hydrocharis morsus-ranae","Hydrocharis morsus-ranae","Hydrocharis morsus-ranae"
"Hylotelephium telephium","Hylotelephium telephium","Hylotelephium telephium","Hylotelephium telephium"
"Hypericum hirsutum L.","Hypericum hirsutum","Hypericum hirsutum",NA
"Hypericum maculatum","Hypericum maculatum","Hypericum maculatum","Hypericum maculatum"
"Hypericum montanum L.","Hypericum montanum","Hypericum montanum",NA
"Hypericum perforatum L.","Hypericum perforatum","Hypericum perforatum","Hypericum perforatum"
"Iris pseudacorus L.","Iris pseudacorus","Iris pseudacorus","Iris pseudacorus"
"Juncus bufonius L.","Juncus bufonius","Juncus bufonius","Juncus bufonius"
"Laburnum anagyroides Medik.","Laburnum anagyroides","Laburnum anagyroides","Laburnum anagyroides"
"Lamium album L.","Lamium album","Lamium album","Lamium album"
"Lamium amplexicaule","Lamium amplexicaule","Lamium amplexicaule","Lamium amplexicaule"
"Lamium purpureum L.","Lamium purpureum","Lamium purpureum","Lamium purpureum"
"Lathyrus latifolius","Lathyrus latifolius","Lathyrus latifolius","Lathyrus latifolius"
"Lathyrus linifolius","Lathyrus linifolius","Lathyrus linifolius","Lathyrus linifolius"
"Lathyrus montanus","Lathyrus montanus","Lathyrus montanus",NA
"Lathyrus niger","Lathyrus niger","Lathyrus niger","Lathyrus niger"
"Lathyrus palustris L.","Lathyrus palustris","Lathyrus palustris","Lathyrus palustris"
"Lathyrus pratensis L.","Lathyrus pratensis","Lathyrus pratensis","Lathyrus pratensis"
"Lathyrus sylvestris","Lathyrus sylvestris","Lathyrus sylvestris","Lathyrus sylvestris"
"Lathyrus vernus","Lathyrus vernus","Lathyrus vernus","Lathyrus vernus"
"Leonurus cardiaca L.","Leonurus cardiaca","Leonurus cardiaca","Leonurus cardiaca"
"Lotus corniculatus L.","Lotus corniculatus","Lotus corniculatus","Lotus corniculatus"
"Lupinus polyphyllus","Lupinus polyphyllus","Lupinus polyphyllus","Lupinus polyphyllus"
"Lycopus europaeus L.","Lycopus europaeus","Lycopus europaeus","Lycopus europaeus"
"Medicago falcata L.","Medicago falcata","Medicago falcata",NA
"Medicago lupulina L.","Medicago lupulina","Medicago lupulina","Medicago lupulina"
"Medicago sativa L.","Medicago sativa","Medicago sativa","Medicago sativa"
"Melilotus albus","Melilotus albus","Melilotus albus","Melilotus albus"
"Melilotus officinalis","Melilotus officinalis","Melilotus officinalis","Melilotus officinalis"
"Moneses uniflora","Moneses uniflora","Moneses uniflora","Moneses uniflora"
"Monotropa hypopitys L.","Monotropa hypopitys","Monotropa hypopitys",NA
"Orthilia secunda","Orthilia secunda","Orthilia secunda","Orthilia secunda"
"Phyllodoce caerulea","Phyllodoce caerulea","Phyllodoce caerulea","Phyllodoce caerulea"
"Pyrola minor L.","Pyrola minor","Pyrola minor","Pyrola minor"
"Pyrola rotundifolia L.","Pyrola rotundifolia","Pyrola rotundifolia","Pyrola rotundifolia"
"Quercus robur L.","Quercus robur","Quercus robur","Quercus robur"
"Rhododendron tomentosum","Rhododendron tomentosum","Rhododendron tomentosum","Rhododendron tomentosum"
"Ribes alpinum L.","Ribes alpinum","Ribes alpinum","Ribes alpinum"
"Ribes uva-crispa L.","Ribes uva-crispa","Ribes uva-crispa","Ribes uva-crispa"
"Sedum acre L.","Sedum acre","Sedum acre","Sedum acre"
"Sedum album L.","Sedum album","Sedum album","Sedum album"
"Sedum annuum ","Sedum annuum","Sedum annuum","Sedum annuum"
"Sedum hybridum","Sedum hybridum","Sedum hybridum",NA
"Sedum sexangulare L.","Sedum sexangulare","Sedum sexangulare","Sedum sexangulare"
"Sedum telephium L.","Sedum telephium","Sedum telephium",NA
"Stellaria graminea L.","Stellaria graminea","Stellaria graminea","Stellaria graminea"
"Stellaria longifolia","Stellaria longifolia","Stellaria longifolia","Stellaria longifolia"
"Stellaria media","Stellaria media","Stellaria media","Stellaria media"
"Stellaria nemorum","Stellaria nemorum","Stellaria nemorum","Stellaria nemorum"
"Stellaria palustris","Stellaria palustris","Stellaria palustris","Stellaria palustris"
"Stratiotes aloides L.","Stratiotes aloides","Stratiotes aloides","Stratiotes aloides"
"Trifolium arvense L.","Trifolium arvense","Trifolium arvense","Trifolium arvense"
"Trifolium aureum","Trifolium aureum","Trifolium aureum","Trifolium aureum"
"Trifolium medium","Trifolium medium","Trifolium medium","Trifolium medium"
"Trifolium montanum L.","Trifolium montanum","Trifolium montanum","Trifolium montanum"
"Trifolium pratense L.","Trifolium pratense","Trifolium pratense","Trifolium pratense"
"Trifolium repens L.","Trifolium repens","Trifolium repens","Trifolium repens"
"Vaccinium myrtillus L.","Vaccinium myrtillus","Vaccinium myrtillus","Vaccinium myrtillus"
"Vaccinium oxycoccos L.","Vaccinium oxycoccos","Vaccinium oxycoccos","Vaccinium oxycoccos"
"Vaccinium uliginosum L.","Vaccinium uliginosum","Vaccinium uliginosum","Vaccinium uliginosum"
"Vaccinium vitis-idaea L.","Vaccinium vitis-idaea","Vaccinium vitis-idaea","Vaccinium vitis-idaea"
"Vicia cassubica L.","Vicia cassubica","Vicia cassubica","Vicia cassubica"
"Vicia cracca L.","Vicia cracca","Vicia cracca","Vicia cracca"
"Vicia hirsuta","Vicia hirsuta","Vicia hirsuta","Vicia hirsuta"
"Vicia pisiformis","Vicia pisiformis","Vicia pisiformis","Vicia pisiformis"
"Vicia sativa L.","Vicia sativa","Vicia sativa","Vicia sativa"
"Vicia sepium L.","Vicia sepium","Vicia sepium","Vicia sepium"
"Vicia sylvatica L.","Vicia sylvatica","Vicia sylvatica","Vicia sylvatica"
"Viscaria vulgaris","Viscaria vulgaris","Viscaria vulgaris",NA
"Androsace septentrionalis L.","Androsace septentrionalis","Androsace septentrionalis","Androsace septentrionalis"
"Bistorta vivipara","Bistorta vivipara","Bistorta vivipara","Bistorta vivipara"
"Callitriche palustris L.","Callitriche palustris","Callitriche palustris","Callitriche palustris"
"Chaenorhinum minus","Chaenorhinum minus","Chaenorhinum minus","Chaenorhinum minus"
"Chelidonium majus L.","Chelidonium majus","Chelidonium majus","Chelidonium majus"
"Corydalis nobilis","Corydalis nobilis","Corydalis nobilis",NA
"Corydalis solida","Corydalis solida","Corydalis solida","Corydalis solida"
"Dactylorhiza sambucina","Dactylorhiza sambucina","Dactylorhiza sambucina",NA
"Epilobium angustifolium L.","Epilobium angustifolium","Epilobium angustifolium",NA
"Epilobium hirsutum","Epilobium hirsutum","Epilobium hirsutum","Epilobium hirsutum"
"Epilobium montanum L.","Epilobium montanum","Epilobium montanum","Epilobium montanum"
"Epilobium palustre L.","Epilobium palustre","Epilobium palustre","Epilobium palustre"
"Euphrasia officinalis","Euphrasia officinalis","Euphrasia officinalis","Euphrasia officinalis"
"Fallopia  convolvulus","Fallopia convolvulus","Fallopia convolvulus","Fallopia convolvulus"
"Fritillaria meleagris L.","Fritillaria meleagris","Fritillaria meleagris","Fritillaria meleagris"
"Fumaria officinalis","Fumaria officinalis","Fumaria officinalis","Fumaria officinalis"
"Fumaria vaillantii","Fumaria vaillantii","Fumaria vaillantii","Fumaria vaillantii"
"Gagea lutea","Gagea lutea","Gagea lutea",NA
"Gagea minima","Gagea minima","Gagea minima",NA
"Glaux maritima L.","Glaux maritima","Glaux maritima",NA
"Hippuris vulgaris L.","Hippuris vulgaris","Hippuris vulgaris","Hippuris vulgaris"
"Lathraea squamaria L.","Lathraea squamaria","Lathraea squamaria",NA
"Lilium martagon L.","Lilium martagon","Lilium martagon","Lilium martagon"
"Linnaea borealis L.","Linnaea borealis","Linnaea borealis","Linnaea borealis"
"Linum catharticum L.","Linum catharticum","Linum catharticum","Linum catharticum"
"Lysimachia nummularia L.","Lysimachia nummularia","Lysimachia nummularia","Lysimachia nummularia"
"Lysimachia nummularia L.","Lysimachia nummularia","Lysimachia nummularia","Lysimachia nummularia"
"Lysimachia punctata L.","Lysimachia punctata","Lysimachia punctata","Lysimachia punctata"
"Lysimachia vulgaris","Lysimachia vulgaris","Lysimachia vulgaris","Lysimachia vulgaris"
"Lysimachia vulgaris L.","Lysimachia vulgaris","Lysimachia vulgaris","Lysimachia vulgaris"
"Lythrum salicaria L.","Lythrum salicaria","Lythrum salicaria","Lythrum salicaria"
"Malva alcea","Malva alcea","Malva alcea","Malva alcea"
"Malva neglecta","Malva neglecta","Malva neglecta","Malva neglecta"
"Marrubium vulgare","Marrubium vulgare","Marrubium vulgare","Marrubium vulgare"
"Melampyrum cristatum L.","Melampyrum cristatum","Melampyrum cristatum",NA
"Melampyrum nemorosum","Melampyrum nemorosum","Melampyrum nemorosum",NA
"Melampyrum pratense L.","Melampyrum pratense","Melampyrum pratense",NA
"Melampyrum sylvaticum L.","Melampyrum sylvaticum","Melampyrum sylvaticum",NA
"Mentha aquatica L.","Mentha aquatica","Mentha aquatica","Mentha aquatica"
"Mentha arvensis L.","Mentha arvensis","Mentha arvensis","Mentha arvensis"
"Menyanthes trifoliata L.","Menyanthes trifoliata","Menyanthes trifoliata","Menyanthes trifoliata"
"Neottia nidus-avis","Neottia nidus-avis","Neottia nidus-avis",NA
"Nuphar lutea","Nuphar lutea","Nuphar lutea","Nuphar lutea"
"Nymphaea alba L.","Nymphaea alba","Nymphaea alba","Nymphaea alba"
"Orchis mascula","Orchis mascula","Orchis mascula",NA
"Origanum vulgare L.","Origanum vulgare","Origanum vulgare","Origanum vulgare"
"Ornithogalum angustifolium","Ornithogalum angustifolium","Ornithogalum angustifolium",NA
"Oxalis acetosella L.","Oxalis acetosella","Oxalis acetosella",NA
"Papaver dubium","Papaver dubium","Papaver dubium","Papaver dubium"
"Papaver rhoeas L.","Papaver rhoeas","Papaver rhoeas","Papaver rhoeas"
"Paris quadrifolia L.","Paris quadrifolia","Paris quadrifolia",NA
"Parnassia palustris L.","Parnassia palustris","Parnassia palustris","Parnassia palustris"
"Pedicularis sylvatica L.","Pedicularis sylvatica","Pedicularis sylvatica","Pedicularis sylvatica"
"Persicaria lapathifolia","Persicaria lapathifolia","Persicaria lapathifolia","Persicaria lapathifolia"
"Persicaria maculosa Gray.","Persicaria maculosa","Persicaria maculosa","Persicaria maculosa"
"Persicaria vivipara","Persicaria vivipara","Persicaria vivipara",NA
"Pinguicula vulgaris L.","Pinguicula vulgaris","Pinguicula vulgaris","Pinguicula vulgaris"
"Plantago lanceolata L.","Plantago lanceolata","Plantago lanceolata","Plantago lanceolata"
"Plantago major L.","Plantago major","Plantago major","Plantago major"
"Plantago media L.","Plantago media","Plantago media","Plantago media"
"Platanthera bifolia ","Platanthera bifolia","Platanthera bifolia",NA
"Platanthera chlorantha","Platanthera chlorantha","Platanthera chlorantha",NA
"Polygala vulgaris L.","Polygala vulgaris","Polygala vulgaris","Polygala vulgaris"
"Polygonum amphibium L.","Polygonum amphibium","Polygonum amphibium",NA
"Polygonum aviculare","Polygonum aviculare","Polygonum aviculare","Polygonum aviculare"
"Polygonum hydropiper","Polygonum hydropiper","Polygonum hydropiper",NA
"Potamogeton natans L.","Potamogeton natans","Potamogeton natans","Potamogeton natans"
"Potamogeton perfoliatus L.","Potamogeton perfoliatus","Potamogeton perfoliatus","Potamogeton perfoliatus"
"Potamogeton pusillus L.","Potamogeton pusillus","Potamogeton pusillus","Potamogeton pusillus"
"Primula farinosa L.","Primula farinosa","Primula farinosa",NA
"Primula veris L.","Primula veris","Primula veris","Primula veris"
"Prunella vulgaris L.","Prunella vulgaris","Prunella vulgaris","Prunella vulgaris"
"Rhinanthus  angustifolius","Rhinanthus angustifolius","Rhinanthus angustifolius",NA
"Rhinanthus  minor L.","Rhinanthus minor","Rhinanthus minor","Rhinanthus minor"
"Rumex acetosa L.","Rumex acetosa","Rumex acetosa","Rumex acetosa"
"Rumex acetosella L.","Rumex acetosella","Rumex acetosella","Rumex acetosella"
"Rumex aquaticus L.","Rumex aquaticus","Rumex aquaticus","Rumex aquaticus"
"Rumex crispus L.","Rumex crispus","Rumex crispus","Rumex crispus"
"Rumex longifolius L.","Rumex longifolius","Rumex longifolius","Rumex longifolius"
"Scutellaria galericulata L.","Scutellaria galericulata","Scutellaria galericulata","Scutellaria galericulata"
"Stachys palustris","Stachys palustris","Stachys palustris","Stachys palustris"
"Stachys sylvatica L.","Stachys sylvatica","Stachys sylvatica","Stachys sylvatica"
"Syringa vulgaris L.","Syringa vulgaris","Syringa vulgaris","Syringa vulgaris"
"Thymus serpyllum","Thymus serpyllum","Thymus serpyllum",NA
"Tilia x europaea","Tilia europaea","Tilia europaea",NA
"Trientalis europaea L.","Trientalis europaea","Trientalis europaea","Trientalis europaea"
"Tulipa gesneriana","Tulipa gesneriana","Tulipa gesneriana","Tulipa gesneriana"
"Utricularia minor L.","Utricularia minor","Utricularia minor","Utricularia minor"
"Utricularia vulgaris L.","Utricularia vulgaris","Utricularia vulgaris","Utricularia vulgaris"
"Veronica agrestis L.","Veronica agrestis","Veronica agrestis","Veronica agrestis"
"Veronica anagallis-aquatica L.","Veronica anagallis-aquatica","Veronica anagallis-aquatica","Veronica anagallis-aquatica"
"Veronica arvensis","Veronica arvensis","Veronica arvensis","Veronica arvensis"
"Veronica beccabunga L.","Veronica beccabunga","Veronica beccabunga","Veronica beccabunga"
"Veronica chamaedrys L.","Veronica chamaedrys","Veronica chamaedrys","Veronica chamaedrys"
"Veronica officinalis","Veronica officinalis","Veronica officinalis","Veronica officinalis"
"Veronica scutellata L.","Veronica scutellata","Veronica scutellata","Veronica scutellata"
"Veronica serpyllifolia L.","Veronica serpyllifolia","Veronica serpyllifolia","Veronica serpyllifolia"
"Veronica spicata L.","Veronica spicata","Veronica spicata","Veronica spicata"
"Veronica verna","Veronica verna","Veronica verna","Veronica verna"
"Zannichellia palustris L.","Zannichellia palustris","Zannichellia palustris","Zannichellia palustris"
"Acer platanoides","Acer platanoides","Acer platanoides","Acer platanoides"
"Actaea spicata L.","Actaea spicata","Actaea spicata","Actaea spicata"
"Agrimonia eupatoria L.","Agrimonia eupatoria","Agrimonia eupatoria","Agrimonia eupatoria"
"Alchemilla vulgaris L.","Alchemilla vulgaris","Alchemilla vulgaris",NA
"Anemone hepatica L.","Anemone hepatica","Anemone hepatica",NA
"Anemone nemorosa L.","Anemone nemorosa","Anemone nemorosa","Anemone nemorosa"
"Anemone pulsatilla L.","Anemone pulsatilla","Anemone pulsatilla","Anemone pulsatilla"
"Anemone ranunculiodes","Anemone ranunculoides","Anemone ranunculoides","Anemone ranunculoides"
"Anemone vernalis L.","Anemone vernalis","Anemone vernalis",NA
"Aquilegia vulgaris ","Aquilegia vulgaris","Aquilegia vulgaris","Aquilegia vulgaris"
"Argentina anserina L.","Argentina anserina","Argentina anserina",NA
"Asperula tinctoria L.","Asperula tinctoria","Asperula tinctoria",NA
"Caltha palustris L.","Caltha palustris","Caltha palustris","Caltha palustris"
"Comarum palustre L.","Comarum palustre","Comarum palustre","Comarum palustre"
"Consolida regalis Gray.","Consolida regalis","Consolida regalis","Consolida regalis"
"Cotoneaster integerrimus Medik.","Cotoneaster integerrimus","Cotoneaster integerrimus","Cotoneaster integerrimus"
"Crataegus rhipidophylla Gand.","Crataegus rhipidophylla","Crataegus rhipidophylla","Crataegus rhipidophylla"
"Daphne mezereum L.","Daphne mezereum","Daphne mezereum","Daphne mezereum"
"Ficaria verna","Ficaria verna","Ficaria verna",NA
"Filipendula ulmaria","Filipendula ulmaria","Filipendula ulmaria","Filipendula ulmaria"
"Filipendula vulgaris ","Filipendula vulgaris","Filipendula vulgaris","Filipendula vulgaris"
"Fragaria  vesca L.","Fragaria vesca","Fragaria vesca","Fragaria vesca"
"Galium album","Galium album","Galium album","Galium album"
"Galium aparine L.","Galium aparine","Galium aparine","Galium aparine"
"Galium boreale L.","Galium boreale","Galium boreale","Galium boreale"
"Galium mollugo L.","Galium mollugo","Galium mollugo","Galium mollugo"
"Galium odoratum ","Galium odoratum","Galium odoratum","Galium odoratum"
"Galium palustre L.","Galium palustre","Galium palustre","Galium palustre"
"Galium uliginosum L.","Galium uliginosum","Galium uliginosum","Galium uliginosum"
"Galium verum L.","Galium verum","Galium verum","Galium verum"
"Geum rivale L.","Geum rivale","Geum rivale","Geum rivale"
"Geum urbanum L.","Geum urbanum","Geum urbanum","Geum urbanum"
"Hepatica nobilis","Hepatica nobilis","Hepatica nobilis",NA
"Hyoscyamus  niger L.","Hyoscyamus niger","Hyoscyamus niger","Hyoscyamus niger"
"Lathraea squamaria","Lathraea squamaria","Lathraea squamaria",NA
"Limosella aquatica L.","Limosella aquatica","Limosella aquatica","Limosella aquatica"
"Linaria repens","Linaria repens","Linaria repens","Linaria repens"
"Linaria vulgaris Mill.","Linaria vulgaris","Linaria vulgaris","Linaria vulgaris"
"Malus sylvestris","Malus sylvestris","Malus sylvestris",NA
"Myosurus minimus L.","Myosurus minimus","Myosurus minimus","Myosurus minimus"
"Odontites vulgaris Moench.","Odontites vulgaris","Odontites vulgaris","Odontites vulgaris"
"Populus tremula L.","Populus tremula","Populus tremula","Populus tremula"
"Potentilla argentea L.","Potentilla argentea","Potentilla argentea","Potentilla argentea"
"Potentilla erecta","Potentilla erecta","Potentilla erecta","Potentilla erecta"
"Potentilla fruticosa","Potentilla fruticosa","Potentilla fruticosa",NA
"Potentilla reptans","Potentilla reptans","Potentilla reptans","Potentilla reptans"
"Potentilla tabernaemontani Asch.","Potentilla tabernaemontani","Potentilla tabernaemontani",NA
"Prunus padus L.","Prunus padus","Prunus padus","Prunus padus"
"Prunus spinosa L.","Prunus spinosa","Prunus spinosa","Prunus spinosa"
"Pulsatilla vulgaris","Pulsatilla vulgaris","Pulsatilla vulgaris",NA
"Ranunculus acris L.","Ranunculus acris","Ranunculus acris","Ranunculus acris"
"Ranunculus aquatilis L.","Ranunculus aquatilis","Ranunculus aquatilis","Ranunculus aquatilis"
"Ranunculus auricomus L.","Ranunculus auricomus","Ranunculus auricomus","Ranunculus auricomus"
"Ranunculus ficaria L.","Ranunculus ficaria","Ranunculus ficaria","Ranunculus ficaria"
"Ranunculus flammula L.","Ranunculus flammula","Ranunculus flammula","Ranunculus flammula"
"Ranunculus lingua L.","Ranunculus lingua","Ranunculus lingua",NA
"Ranunculus polyanthemos L.","Ranunculus polyanthemos","Ranunculus polyanthemos",NA
"Ranunculus repens L.","Ranunculus repens","Ranunculus repens","Ranunculus repens"
"Ranunculus reptans L.","Ranunculus reptans","Ranunculus reptans",NA
"Ranunculus sceleratus L.","Ranunculus sceleratus","Ranunculus sceleratus","Ranunculus sceleratus"
"Rhamnus catharticus L.","Rhamnus catharticus","Rhamnus catharticus",NA
"Rhamnus frangula L.","Rhamnus frangula","Rhamnus frangula","Rhamnus frangula"
"Rosa canina L.","Rosa canina","Rosa canina","Rosa canina"
"Rosa dumalis","Rosa dumalis","Rosa dumalis",NA
"Rosa mollis","Rosa mollis","Rosa mollis","Rosa mollis"
"Rosa rugosa","Rosa rugosa","Rosa rugosa","Rosa rugosa"
"Rosa villosa","Rosa villosa","Rosa villosa","Rosa villosa"
"Rubus caesius L.","Rubus caesius","Rubus caesius","Rubus caesius"
"Rubus chamaemorus L.","Rubus chamaemorus","Rubus chamaemorus","Rubus chamaemorus"
"Rubus idaeus L.","Rubus idaeus","Rubus idaeus","Rubus idaeus"
"Rubus saxatilis L.","Rubus saxatilis","Rubus saxatilis","Rubus saxatilis"
"Salix  caprea L.","Salix caprea","Salix caprea","Salix caprea"
"Salix  myrtilloides L.","Salix myrtilloides","Salix myrtilloides",NA
"Salix  pentandra L.","Salix pentandra","Salix pentandra","Salix pentandra"
"Saxifraga cespitosa","Saxifraga cespitosa","Saxifraga cespitosa","Saxifraga cespitosa"
"Saxifraga granulata L.","Saxifraga granulata","Saxifraga granulata",NA
"Saxifraga tridactylites L.","Saxifraga tridactylites","Saxifraga tridactylites","Saxifraga tridactylites"
"Scrophularia nodosa L.","Scrophularia nodosa","Scrophularia nodosa","Scrophularia nodosa"
"Solanum Dulcamara L.","Solanum dulcamara","Solanum dulcamara","Solanum dulcamara"
"Sorbus  aria","Sorbus aria","Sorbus aria","Sorbus aria"
"Sorbus  aucuparia L.","Sorbus aucuparia","Sorbus aucuparia","Sorbus aucuparia"
"Thalictrum flavum L.","Thalictrum flavum","Thalictrum flavum",NA
"Ulmus minor ","Ulmus minor","Ulmus minor",NA
"Urtica dioica L.","Urtica dioica","Urtica dioica","Urtica dioica"
"Urtica urens L.","Urtica urens","Urtica urens","Urtica urens"
"Verbascum lychnitis","Verbascum lychnitis","Verbascum lychnitis","Verbascum lychnitis"
"Verbascum nigrum L.","Verbascum nigrum","Verbascum nigrum","Verbascum nigrum"
"Verbascum thapsus L.","Verbascum thapsus","Verbascum thapsus","Verbascum thapsus"
"Veronica officinalis L.","Veronica officinalis","Veronica officinalis","Veronica officinalis"
"Viola arvensis","Viola arvensis","Viola arvensis","Viola arvensis"
"Viola bicolor ","Viola bicolor","Viola bicolor","Viola bicolor"
"Viola canina L.","Viola canina","Viola canina","Viola canina"
"Viola hirta L.","Viola hirta","Viola hirta",NA
"Viola mirabilis L.","Viola mirabilis","Viola mirabilis","Viola mirabilis"
"Viola odorata","Viola odorata","Viola odorata","Viola odorata"
"Viola palustris L.","Viola palustris","Viola palustris","Viola palustris"
"Viola riviniana","Viola riviniana","Viola riviniana",NA
"Viola tricolor L.","Viola tricolor","Viola tricolor","Viola tricolor"
NA,NA,NA,NA
NA,NA,NA,NA